underlying_name,current_datetime,current_pnl,strategy_pnl,brokerage_pnl,max_pnl,trailing_pnl,current_ltp,expiry_datetime,position_entry_ltp,is_closed,is_expiry_day,is_broker_working
NIFTY,2021-05-21 15:10:00.000000,0.0,0.0,0,0.0,0.0,15170.0,2021-05-27 15:30:00,,False,False,True
NIFTY,2021-05-21 15:15:00.338404,0.0,0.0,0,0.0,0.0,15182.5,2021-05-27 15:30:00,,False,False,True
NIFTY,2021-05-21 15:20:04.312672,17.5,97.5,-80,17.5,0.0,15176.7,2021-05-27 15:30:00,15182.5,False,False,True
NIFTY,2021-05-21 15:25:04.923064,7.5,87.5,-80,17.5,-10.0,15179.5,2021-05-27 15:30:00,15182.5,False,False,True
NIFTY,2021-05-22 09:10:05.531292,-60.0,20.0,-80,17.5,-77.5,15175.3,2021-05-27 15:30:00,15182.5,False,False,True
NIFTY,2021-05-24 09:15:00.603765,-230.0,-150.0,-80,17.5,-247.5,15211.35,2021-05-27 15:30:00,15182.5,False,False,True
NIFTY,2021-05-24 09:20:01.216221,95.0,175.0,-80,95.0,0.0,15237.5,2021-05-27 15:30:00,15182.5,False,False,True
NIFTY,2021-05-24 09:25:01.825575,127.5,207.5,-80,127.5,0.0,15247.85,2021-05-27 15:30:00,15182.5,False,False,True
NIFTY,2021-05-24 09:30:02.433685,125.0,205.0,-80,127.5,-2.5,15214.95,2021-05-27 15:30:00,15182.5,False,False,True
NIFTY,2021-05-24 09:35:03.041247,112.5,192.5,-80,127.5,-15.0,15210.25,2021-05-27 15:30:00,15182.5,False,False,True
NIFTY,2021-05-24 09:40:03.650016,97.5,177.5,-80,127.5,-30.0,15228.6,2021-05-27 15:30:00,15182.5,False,False,True
NIFTY,2021-05-24 09:45:04.257140,90.0,170.0,-80,127.5,-37.5,15207.1,2021-05-27 15:30:00,15182.5,False,False,True
NIFTY,2021-05-24 09:50:04.865346,95.0,175.0,-80,127.5,-32.5,15191.9,2021-05-27 15:30:00,15182.5,False,False,True
NIFTY,2021-05-24 09:55:05.473352,95.0,175.0,-80,127.5,-32.5,15195.5,2021-05-27 15:30:00,15182.5,False,False,True
NIFTY,2021-05-24 10:00:06.083658,75.0,155.0,-80,127.5,-52.5,15171.05,2021-05-27 15:30:00,15182.5,False,False,True
NIFTY,2021-05-24 10:05:06.694493,85.0,165.0,-80,127.5,-42.5,15149.9,2021-05-27 15:30:00,15182.5,False,False,True
NIFTY,2021-05-24 10:10:07.303080,117.5,197.5,-80,127.5,-10.0,15175.3,2021-05-27 15:30:00,15182.5,False,False,True
NIFTY,2021-05-24 10:15:07.910561,102.5,182.5,-80,127.5,-25.0,15188.55,2021-05-27 15:30:00,15182.5,False,False,True
NIFTY,2021-05-24 10:20:08.521442,65.0,145.0,-80,127.5,-62.5,15204.2,2021-05-27 15:30:00,15182.5,False,False,True
NIFTY,2021-05-24 10:25:09.132084,42.5,122.5,-80,127.5,-85.0,15215.65,2021-05-27 15:30:00,15182.5,False,False,True
NIFTY,2021-05-24 10:30:09.744645,37.5,117.5,-80,127.5,-90.0,15207.45,2021-05-27 15:30:00,15182.5,False,False,True
NIFTY,2021-05-24 10:35:10.355728,32.5,112.5,-80,127.5,-95.0,15213.7,2021-05-27 15:30:00,15182.5,False,False,True
NIFTY,2021-05-24 10:40:10.968607,17.5,97.5,-80,127.5,-110.0,15211.45,2021-05-27 15:30:00,15182.5,False,False,True
NIFTY,2021-05-24 10:45:11.585473,25.0,105.0,-80,127.5,-102.5,15202.15,2021-05-27 15:30:00,15182.5,False,False,True
NIFTY,2021-05-24 10:50:12.197164,20.0,100.0,-80,127.5,-107.5,15205.15,2021-05-27 15:30:00,15182.5,False,False,True
NIFTY,2021-05-24 10:55:12.806537,22.5,102.5,-80,127.5,-105.0,15216.95,2021-05-27 15:30:00,15182.5,False,False,True
NIFTY,2021-05-24 11:00:13.418587,32.5,112.5,-80,127.5,-95.0,15220.1,2021-05-27 15:30:00,15182.5,False,False,True
NIFTY,2021-05-24 11:05:14.030028,57.5,137.5,-80,127.5,-70.0,15217.5,2021-05-27 15:30:00,15182.5,False,False,True
NIFTY,2021-05-24 11:10:14.638962,45.0,125.0,-80,127.5,-82.5,15223.8,2021-05-27 15:30:00,15182.5,False,False,True
NIFTY,2021-05-24 11:15:15.248650,60.0,140.0,-80,127.5,-67.5,15220.65,2021-05-27 15:30:00,15182.5,False,False,True
NIFTY,2021-05-24 11:20:15.859818,52.5,132.5,-80,127.5,-75.0,15222.75,2021-05-27 15:30:00,15182.5,False,False,True
NIFTY,2021-05-24 11:25:16.469796,55.0,135.0,-80,127.5,-72.5,15227.0,2021-05-27 15:30:00,15182.5,False,False,True
NIFTY,2021-05-24 11:30:17.081366,57.5,137.5,-80,127.5,-70.0,15223.7,2021-05-27 15:30:00,15182.5,False,False,True
NIFTY,2021-05-24 11:35:17.692726,52.5,132.5,-80,127.5,-75.0,15210.65,2021-05-27 15:30:00,15182.5,False,False,True
NIFTY,2021-05-24 11:40:18.304761,42.5,122.5,-80,127.5,-85.0,15220.7,2021-05-27 15:30:00,15182.5,False,False,True
NIFTY,2021-05-24 11:45:18.914501,57.5,137.5,-80,127.5,-70.0,15221.55,2021-05-27 15:30:00,15182.5,False,False,True
NIFTY,2021-05-24 11:50:19.526369,70.0,150.0,-80,127.5,-57.5,15220.6,2021-05-27 15:30:00,15182.5,False,False,True
NIFTY,2021-05-24 11:55:20.137490,47.5,127.5,-80,127.5,-80.0,15210.9,2021-05-27 15:30:00,15182.5,False,False,True
NIFTY,2021-05-24 12:00:20.750104,45.0,125.0,-80,127.5,-82.5,15205.5,2021-05-27 15:30:00,15182.5,False,False,True
NIFTY,2021-05-24 12:05:21.364362,55.0,135.0,-80,127.5,-72.5,15205.05,2021-05-27 15:30:00,15182.5,False,False,True
NIFTY,2021-05-24 12:10:21.977928,60.0,140.0,-80,127.5,-67.5,15211.55,2021-05-27 15:30:00,15182.5,False,False,True
NIFTY,2021-05-24 12:15:22.590843,40.0,120.0,-80,127.5,-87.5,15213.1,2021-05-27 15:30:00,15182.5,False,False,True
NIFTY,2021-05-24 12:20:23.203897,52.5,132.5,-80,127.5,-75.0,15203.5,2021-05-27 15:30:00,15182.5,False,False,True
NIFTY,2021-05-24 12:25:23.815868,55.0,135.0,-80,127.5,-72.5,15207.95,2021-05-27 15:30:00,15182.5,False,False,True
NIFTY,2021-05-24 12:30:24.434411,47.5,127.5,-80,127.5,-80.0,15212.05,2021-05-27 15:30:00,15182.5,False,False,True
NIFTY,2021-05-24 12:35:25.047723,67.5,147.5,-80,127.5,-60.0,15209.45,2021-05-27 15:30:00,15182.5,False,False,True
NIFTY,2021-05-24 12:40:25.660094,77.5,157.5,-80,127.5,-50.0,15202.9,2021-05-27 15:30:00,15182.5,False,False,True
NIFTY,2021-05-24 12:45:26.270657,87.5,167.5,-80,127.5,-40.0,15198.75,2021-05-27 15:30:00,15182.5,False,False,True
NIFTY,2021-05-24 12:50:26.883132,57.5,137.5,-80,127.5,-70.0,15195.35,2021-05-27 15:30:00,15182.5,False,False,True
NIFTY,2021-05-24 12:55:27.492281,60.0,140.0,-80,127.5,-67.5,15190.7,2021-05-27 15:30:00,15182.5,False,False,True
NIFTY,2021-05-24 13:00:28.102938,67.5,147.5,-80,127.5,-60.0,15190.75,2021-05-27 15:30:00,15182.5,False,False,True
NIFTY,2021-05-24 13:05:28.717224,65.0,145.0,-80,127.5,-62.5,15212.75,2021-05-27 15:30:00,15182.5,False,False,True
NIFTY,2021-05-24 13:10:29.330139,-12.5,67.5,-80,127.5,-140.0,15226.05,2021-05-27 15:30:00,15182.5,False,False,True
NIFTY,2021-05-24 13:15:29.940008,-42.5,37.5,-80,127.5,-170.0,15217.75,2021-05-27 15:30:00,15182.5,False,False,True
NIFTY,2021-05-24 13:20:30.554714,-22.5,57.5,-80,127.5,-150.0,15211.35,2021-05-27 15:30:00,15182.5,False,False,True
NIFTY,2021-05-24 13:25:31.168989,-7.5,72.5,-80,127.5,-135.0,15214.5,2021-05-27 15:30:00,15182.5,False,False,True
NIFTY,2021-05-24 13:30:31.780443,17.5,97.5,-80,127.5,-110.0,15214.5,2021-05-27 15:30:00,15182.5,False,False,True
NIFTY,2021-05-24 13:35:32.395100,10.0,90.0,-80,127.5,-117.5,15208.15,2021-05-27 15:30:00,15182.5,False,False,True
NIFTY,2021-05-24 13:40:33.007350,17.5,97.5,-80,127.5,-110.0,15203.2,2021-05-27 15:30:00,15182.5,False,False,True
NIFTY,2021-05-24 13:45:33.622234,7.5,87.5,-80,127.5,-120.0,15201.2,2021-05-27 15:30:00,15182.5,False,False,True
NIFTY,2021-05-24 13:50:34.235267,20.0,100.0,-80,127.5,-107.5,15202.0,2021-05-27 15:30:00,15182.5,False,False,True
NIFTY,2021-05-24 13:55:34.848826,47.5,127.5,-80,127.5,-80.0,15197.2,2021-05-27 15:30:00,15182.5,False,False,True
NIFTY,2021-05-24 14:00:35.464584,17.5,97.5,-80,127.5,-110.0,15207.3,2021-05-27 15:30:00,15182.5,False,False,True
NIFTY,2021-05-24 14:05:36.076858,42.5,122.5,-80,127.5,-85.0,15194.1,2021-05-27 15:30:00,15182.5,False,False,True
NIFTY,2021-05-24 14:10:36.691369,15.0,95.0,-80,127.5,-112.5,15206.35,2021-05-27 15:30:00,15182.5,False,False,True
NIFTY,2021-05-24 14:15:37.305288,17.5,97.5,-80,127.5,-110.0,15204.1,2021-05-27 15:30:00,15182.5,False,False,True
NIFTY,2021-05-24 14:20:37.920584,7.5,87.5,-80,127.5,-120.0,15206.6,2021-05-27 15:30:00,15182.5,False,False,True
NIFTY,2021-05-24 14:25:38.536639,27.5,107.5,-80,127.5,-100.0,15206.55,2021-05-27 15:30:00,15182.5,False,False,True
NIFTY,2021-05-24 14:30:39.151452,22.5,102.5,-80,127.5,-105.0,15201.7,2021-05-27 15:30:00,15182.5,False,False,True
NIFTY,2021-05-24 14:35:39.767527,30.0,110.0,-80,127.5,-97.5,15204.75,2021-05-27 15:30:00,15182.5,False,False,True
NIFTY,2021-05-24 14:40:40.381570,-50.0,30.0,-80,127.5,-177.5,15237.75,2021-05-27 15:30:00,15182.5,False,False,True
NIFTY,2021-05-24 14:45:41.001071,-10.0,70.0,-80,127.5,-137.5,15236.35,2021-05-27 15:30:00,15182.5,False,False,True
NIFTY,2021-05-24 14:50:41.616025,17.5,97.5,-80,127.5,-110.0,15248.25,2021-05-27 15:30:00,15182.5,False,False,True
NIFTY,2021-05-24 14:55:42.235747,22.5,102.5,-80,127.5,-105.0,15245.05,2021-05-27 15:30:00,15182.5,False,False,True
NIFTY,2021-05-24 15:00:42.850401,15.0,95.0,-80,127.5,-112.5,15238.95,2021-05-27 15:30:00,15182.5,False,False,True
NIFTY,2021-05-24 15:05:43.467824,-30.0,50.0,-80,127.5,-157.5,15206.05,2021-05-27 15:30:00,15182.5,False,False,True
NIFTY,2021-05-24 15:10:44.085682,20.0,100.0,-80,127.5,-107.5,15200.7,2021-05-27 15:30:00,15182.5,False,False,True
NIFTY,2021-05-24 15:15:44.700715,12.5,92.5,-80,127.5,-115.0,15192.2,2021-05-27 15:30:00,15182.5,False,False,True
NIFTY,2021-05-24 15:20:45.315687,22.5,102.5,-80,127.5,-105.0,15197.35,2021-05-27 15:30:00,15182.5,False,False,True
NIFTY,2021-05-24 15:25:45.931727,2.5,82.5,-80,127.5,-125.0,15180.05,2021-05-27 15:30:00,15182.5,False,False,True
NIFTY,2021-05-25 09:10:46.545402,55.0,135.0,-80,127.5,-72.5,15291.75,2021-05-27 15:30:00,15182.5,False,False,True
NIFTY,2021-05-25 09:15:47.163099,10.0,90.0,-80,127.5,-117.5,15268.1,2021-05-27 15:30:00,15182.5,False,False,True
NIFTY,2021-05-25 09:20:47.781238,-35.0,45.0,-80,127.5,-162.5,15270.4,2021-05-27 15:30:00,15182.5,False,False,True
NIFTY,2021-05-25 09:25:48.394279,-15.0,65.0,-80,127.5,-142.5,15281.9,2021-05-27 15:30:00,15182.5,False,False,True
NIFTY,2021-05-25 09:30:49.010806,-27.5,52.5,-80,127.5,-155.0,15274.0,2021-05-27 15:30:00,15182.5,False,False,True
NIFTY,2021-05-25 09:35:49.628148,-22.5,57.5,-80,127.5,-150.0,15274.45,2021-05-27 15:30:00,15182.5,False,False,True
NIFTY,2021-05-25 09:40:50.243401,-42.5,37.5,-80,127.5,-170.0,15271.8,2021-05-27 15:30:00,15182.5,False,False,True
NIFTY,2021-05-25 09:45:50.859104,-57.5,22.5,-80,127.5,-185.0,15260.55,2021-05-27 15:30:00,15182.5,False,False,True
NIFTY,2021-05-25 09:50:51.476767,-85.0,-5.0,-80,127.5,-212.5,15260.3,2021-05-27 15:30:00,15182.5,False,False,True
NIFTY,2021-05-25 09:55:52.094373,-75.0,5.0,-80,127.5,-202.5,15254.25,2021-05-27 15:30:00,15182.5,False,False,True
NIFTY,2021-05-25 10:00:52.711985,-65.0,15.0,-80,127.5,-192.5,15266.0,2021-05-27 15:30:00,15182.5,False,False,True
NIFTY,2021-05-25 10:05:53.329343,-77.5,2.5,-80,127.5,-205.0,15262.15,2021-05-27 15:30:00,15182.5,False,False,True
NIFTY,2021-05-25 10:10:53.949795,-60.0,20.0,-80,127.5,-187.5,15263.95,2021-05-27 15:30:00,15182.5,False,False,True
NIFTY,2021-05-25 10:15:54.568368,-75.0,5.0,-80,127.5,-202.5,15265.2,2021-05-27 15:30:00,15182.5,False,False,True
NIFTY,2021-05-25 10:20:55.187660,-72.5,7.5,-80,127.5,-200.0,15255.05,2021-05-27 15:30:00,15182.5,False,False,True
NIFTY,2021-05-25 10:25:55.806939,-85.0,-5.0,-80,127.5,-212.5,15267.9,2021-05-27 15:30:00,15182.5,False,False,True
NIFTY,2021-05-25 10:30:56.427316,-72.5,7.5,-80,127.5,-200.0,15269.25,2021-05-27 15:30:00,15182.5,False,False,True
NIFTY,2021-05-25 10:35:57.042903,-85.0,-5.0,-80,127.5,-212.5,15269.9,2021-05-27 15:30:00,15182.5,False,False,True
NIFTY,2021-05-25 10:40:57.663994,-82.5,-2.5,-80,127.5,-210.0,15265.6,2021-05-27 15:30:00,15182.5,False,False,True
NIFTY,2021-05-25 10:45:58.283057,-80.0,0.0,-80,127.5,-207.5,15253.55,2021-05-27 15:30:00,15182.5,False,False,True
NIFTY,2021-05-25 10:50:58.903740,-72.5,7.5,-80,127.5,-200.0,15245.8,2021-05-27 15:30:00,15182.5,False,False,True
NIFTY,2021-05-25 10:55:59.523219,-72.5,7.5,-80,127.5,-200.0,15254.9,2021-05-27 15:30:00,15182.5,False,False,True
NIFTY,2021-05-25 11:01:00.144870,-60.0,20.0,-80,127.5,-187.5,15255.75,2021-05-27 15:30:00,15182.5,False,False,True
NIFTY,2021-05-25 11:06:00.764175,-67.5,12.5,-80,127.5,-195.0,15250.1,2021-05-27 15:30:00,15182.5,False,False,True
NIFTY,2021-05-25 11:11:01.382886,-77.5,2.5,-80,127.5,-205.0,15240.2,2021-05-27 15:30:00,15182.5,False,False,True
NIFTY,2021-05-25 11:16:02.000274,-70.0,10.0,-80,127.5,-197.5,15229.15,2021-05-27 15:30:00,15182.5,False,False,True
NIFTY,2021-05-25 11:21:02.618460,-80.0,0.0,-80,127.5,-207.5,15240.15,2021-05-27 15:30:00,15182.5,False,False,True
NIFTY,2021-05-25 11:26:03.239497,-82.5,-2.5,-80,127.5,-210.0,15242.5,2021-05-27 15:30:00,15182.5,False,False,True
NIFTY,2021-05-25 11:31:03.859728,-82.5,-2.5,-80,127.5,-210.0,15246.8,2021-05-27 15:30:00,15182.5,False,False,True
NIFTY,2021-05-25 11:36:04.480205,-90.0,-10.0,-80,127.5,-217.5,15252.05,2021-05-27 15:30:00,15182.5,False,False,True
NIFTY,2021-05-25 11:41:05.098575,-87.5,-7.5,-80,127.5,-215.0,15254.15,2021-05-27 15:30:00,15182.5,False,False,True
NIFTY,2021-05-25 11:46:05.718799,-102.5,-22.5,-80,127.5,-230.0,15258.75,2021-05-27 15:30:00,15182.5,False,False,True
NIFTY,2021-05-25 11:51:06.338832,-92.5,-12.5,-80,127.5,-220.0,15253.9,2021-05-27 15:30:00,15182.5,False,False,True
NIFTY,2021-05-25 11:56:06.958160,-92.5,-12.5,-80,127.5,-220.0,15249.5,2021-05-27 15:30:00,15182.5,False,False,True
NIFTY,2021-05-25 12:01:07.578989,-87.5,-7.5,-80,127.5,-215.0,15247.7,2021-05-27 15:30:00,15182.5,False,False,True
NIFTY,2021-05-25 12:06:08.198851,-90.0,-10.0,-80,127.5,-217.5,15253.45,2021-05-27 15:30:00,15182.5,False,False,True
NIFTY,2021-05-25 12:11:08.820279,-80.0,0.0,-80,127.5,-207.5,15243.1,2021-05-27 15:30:00,15182.5,False,False,True
NIFTY,2021-05-25 12:16:09.439791,-82.5,-2.5,-80,127.5,-210.0,15251.2,2021-05-27 15:30:00,15182.5,False,False,True
NIFTY,2021-05-25 12:21:10.058703,-85.0,-5.0,-80,127.5,-212.5,15249.9,2021-05-27 15:30:00,15182.5,False,False,True
NIFTY,2021-05-25 12:26:10.681049,-62.5,17.5,-80,127.5,-190.0,15248.35,2021-05-27 15:30:00,15182.5,False,False,True
NIFTY,2021-05-25 12:31:11.304105,-90.0,-10.0,-80,127.5,-217.5,15248.9,2021-05-27 15:30:00,15182.5,False,False,True
NIFTY,2021-05-25 12:36:11.925554,-85.0,-5.0,-80,127.5,-212.5,15256.7,2021-05-27 15:30:00,15182.5,False,False,True
NIFTY,2021-05-25 12:41:12.546252,-72.5,7.5,-80,127.5,-200.0,15250.9,2021-05-27 15:30:00,15182.5,False,False,True
NIFTY,2021-05-25 12:46:13.167670,-67.5,12.5,-80,127.5,-195.0,15251.95,2021-05-27 15:30:00,15182.5,False,False,True
NIFTY,2021-05-25 12:51:13.791280,-67.5,12.5,-80,127.5,-195.0,15248.15,2021-05-27 15:30:00,15182.5,False,False,True
NIFTY,2021-05-25 12:56:14.417126,-70.0,10.0,-80,127.5,-197.5,15246.95,2021-05-27 15:30:00,15182.5,False,False,True
NIFTY,2021-05-25 13:01:15.039529,-57.5,22.5,-80,127.5,-185.0,15237.25,2021-05-27 15:30:00,15182.5,False,False,True
NIFTY,2021-05-25 13:06:15.664449,-70.0,10.0,-80,127.5,-197.5,15245.55,2021-05-27 15:30:00,15182.5,False,False,True
NIFTY,2021-05-25 13:11:16.288122,-72.5,7.5,-80,127.5,-200.0,15233.4,2021-05-27 15:30:00,15182.5,False,False,True
NIFTY,2021-05-25 13:16:16.909612,-70.0,10.0,-80,127.5,-197.5,15238.45,2021-05-27 15:30:00,15182.5,False,False,True
NIFTY,2021-05-25 13:21:17.532398,-57.5,22.5,-80,127.5,-185.0,15230.0,2021-05-27 15:30:00,15182.5,False,False,True
NIFTY,2021-05-25 13:26:18.152630,-62.5,17.5,-80,127.5,-190.0,15233.6,2021-05-27 15:30:00,15182.5,False,False,True
NIFTY,2021-05-25 13:31:18.774666,-45.0,35.0,-80,127.5,-172.5,15215.5,2021-05-27 15:30:00,15182.5,False,False,True
NIFTY,2021-05-25 13:36:19.399398,-42.5,37.5,-80,127.5,-170.0,15215.6,2021-05-27 15:30:00,15182.5,False,False,True
NIFTY,2021-05-25 13:41:20.021367,-57.5,22.5,-80,127.5,-185.0,15217.85,2021-05-27 15:30:00,15182.5,False,False,True
NIFTY,2021-05-25 13:46:20.644916,-10.0,70.0,-80,127.5,-137.5,15193.75,2021-05-27 15:30:00,15182.5,False,False,True
NIFTY,2021-05-25 13:51:21.267937,-2.5,77.5,-80,127.5,-130.0,15187.4,2021-05-27 15:30:00,15182.5,False,False,True
NIFTY,2021-05-25 13:56:21.889271,-17.5,62.5,-80,127.5,-145.0,15208.9,2021-05-27 15:30:00,15182.5,False,False,True
NIFTY,2021-05-25 14:01:22.509283,-2.5,77.5,-80,127.5,-130.0,15204.9,2021-05-27 15:30:00,15182.5,False,False,True
NIFTY,2021-05-25 14:06:23.133355,22.5,102.5,-80,127.5,-105.0,15198.85,2021-05-27 15:30:00,15182.5,False,False,True
NIFTY,2021-05-25 14:11:23.756068,27.5,107.5,-80,127.5,-100.0,15192.9,2021-05-27 15:30:00,15182.5,False,False,True
NIFTY,2021-05-25 14:16:24.379052,32.5,112.5,-80,127.5,-95.0,15174.9,2021-05-27 15:30:00,15182.5,False,False,True
NIFTY,2021-05-25 14:21:25.002850,30.0,110.0,-80,127.5,-97.5,15179.35,2021-05-27 15:30:00,15182.5,False,False,True
NIFTY,2021-05-25 14:26:25.629051,5.0,85.0,-80,127.5,-122.5,15166.65,2021-05-27 15:30:00,15182.5,False,False,True
NIFTY,2021-05-25 14:31:26.251246,-5.0,75.0,-80,127.5,-132.5,15191.5,2021-05-27 15:30:00,15182.5,False,False,True
NIFTY,2021-05-25 14:36:26.874539,-15.0,65.0,-80,127.5,-142.5,15209.35,2021-05-27 15:30:00,15182.5,False,False,True
NIFTY,2021-05-25 14:41:27.497194,-37.5,42.5,-80,127.5,-165.0,15218.65,2021-05-27 15:30:00,15182.5,False,False,True
NIFTY,2021-05-25 14:46:28.122072,-32.5,47.5,-80,127.5,-160.0,15213.2,2021-05-27 15:30:00,15182.5,False,False,True
NIFTY,2021-05-25 14:51:28.745951,-27.5,52.5,-80,127.5,-155.0,15196.0,2021-05-27 15:30:00,15182.5,False,False,True
NIFTY,2021-05-25 14:56:29.367975,-5.0,75.0,-80,127.5,-132.5,15194.05,2021-05-27 15:30:00,15182.5,False,False,True
NIFTY,2021-05-25 15:01:29.993466,-17.5,62.5,-80,127.5,-145.0,15206.35,2021-05-27 15:30:00,15182.5,False,False,True
NIFTY,2021-05-25 15:06:30.619880,-15.0,65.0,-80,127.5,-142.5,15208.15,2021-05-27 15:30:00,15182.5,False,False,True
NIFTY,2021-05-25 15:11:31.246262,-20.0,60.0,-80,127.5,-147.5,15199.55,2021-05-27 15:30:00,15182.5,False,False,True
NIFTY,2021-05-25 15:16:31.868537,-30.0,50.0,-80,127.5,-157.5,15202.9,2021-05-27 15:30:00,15182.5,False,False,True
NIFTY,2021-05-25 15:21:32.492892,-42.5,37.5,-80,127.5,-170.0,15220.9,2021-05-27 15:30:00,15182.5,False,False,True
NIFTY,2021-05-25 15:26:33.115699,-25.0,55.0,-80,127.5,-152.5,15219.8,2021-05-27 15:30:00,15182.5,False,False,True
NIFTY,2021-05-26 09:11:33.742651,-47.5,32.5,-80,127.5,-175.0,15257.05,2021-05-27 15:30:00,15182.5,False,False,True
NIFTY,2021-05-26 09:16:34.370668,-27.5,52.5,-80,127.5,-155.0,15236.45,2021-05-27 15:30:00,15182.5,False,False,True
NIFTY,2021-05-26 09:21:34.996720,-30.0,50.0,-80,127.5,-157.5,15211.15,2021-05-27 15:30:00,15182.5,False,False,True
NIFTY,2021-05-26 09:26:35.621866,-47.5,32.5,-80,127.5,-175.0,15217.65,2021-05-27 15:30:00,15182.5,False,False,True
NIFTY,2021-05-26 09:31:36.248320,-52.5,27.5,-80,127.5,-180.0,15216.75,2021-05-27 15:30:00,15182.5,False,False,True
NIFTY,2021-05-26 09:36:36.875223,-40.0,40.0,-80,127.5,-167.5,15221.15,2021-05-27 15:30:00,15182.5,False,False,True
NIFTY,2021-05-26 09:41:37.500282,-37.5,42.5,-80,127.5,-165.0,15205.45,2021-05-27 15:30:00,15182.5,False,False,True
NIFTY,2021-05-26 09:46:38.125217,-40.0,40.0,-80,127.5,-167.5,15221.5,2021-05-27 15:30:00,15182.5,False,False,True
NIFTY,2021-05-26 09:51:38.749695,-72.5,7.5,-80,127.5,-200.0,15233.6,2021-05-27 15:30:00,15182.5,False,False,True
NIFTY,2021-05-26 09:56:39.377319,-57.5,22.5,-80,127.5,-185.0,15229.65,2021-05-27 15:30:00,15182.5,False,False,True
NIFTY,2021-05-26 10:01:40.002000,-60.0,20.0,-80,127.5,-187.5,15243.2,2021-05-27 15:30:00,15182.5,False,False,True
NIFTY,2021-05-26 10:06:40.629060,-65.0,15.0,-80,127.5,-192.5,15242.45,2021-05-27 15:30:00,15182.5,False,False,True
NIFTY,2021-05-26 10:11:41.255249,-75.0,5.0,-80,127.5,-202.5,15241.0,2021-05-27 15:30:00,15182.5,False,False,True
NIFTY,2021-05-26 10:16:41.881804,-85.0,-5.0,-80,127.5,-212.5,15240.7,2021-05-27 15:30:00,15182.5,False,False,True
NIFTY,2021-05-26 10:21:42.509683,-80.0,0.0,-80,127.5,-207.5,15245.85,2021-05-27 15:30:00,15182.5,False,False,True
NIFTY,2021-05-26 10:26:43.140203,-57.5,22.5,-80,127.5,-185.0,15266.65,2021-05-27 15:30:00,15182.5,False,False,True
NIFTY,2021-05-26 10:31:43.765216,-72.5,7.5,-80,127.5,-200.0,15272.85,2021-05-27 15:30:00,15182.5,False,False,True
NIFTY,2021-05-26 10:36:44.392371,-65.0,15.0,-80,127.5,-192.5,15268.55,2021-05-27 15:30:00,15182.5,False,False,True
NIFTY,2021-05-26 10:41:45.018578,-65.0,15.0,-80,127.5,-192.5,15284.35,2021-05-27 15:30:00,15182.5,False,False,True
NIFTY,2021-05-26 10:46:45.645164,-82.5,-2.5,-80,127.5,-210.0,15273.95,2021-05-27 15:30:00,15182.5,False,False,True
NIFTY,2021-05-26 10:51:46.269896,-72.5,7.5,-80,127.5,-200.0,15279.2,2021-05-27 15:30:00,15182.5,False,False,True
NIFTY,2021-05-26 10:56:46.895019,-62.5,17.5,-80,127.5,-190.0,15285.75,2021-05-27 15:30:00,15182.5,False,False,True
NIFTY,2021-05-26 11:01:47.521520,-62.5,17.5,-80,127.5,-190.0,15295.4,2021-05-27 15:30:00,15182.5,False,False,True
NIFTY,2021-05-26 11:06:48.149959,-70.0,10.0,-80,127.5,-197.5,15297.1,2021-05-27 15:30:00,15182.5,False,False,True
NIFTY,2021-05-26 11:11:48.776947,-60.0,20.0,-80,127.5,-187.5,15294.9,2021-05-27 15:30:00,15182.5,False,False,True
NIFTY,2021-05-26 11:16:49.402799,-60.0,20.0,-80,127.5,-187.5,15294.5,2021-05-27 15:30:00,15182.5,False,False,True
NIFTY,2021-05-26 11:21:50.030780,-57.5,22.5,-80,127.5,-185.0,15299.4,2021-05-27 15:30:00,15182.5,False,False,True
NIFTY,2021-05-26 11:26:50.661104,-57.5,22.5,-80,127.5,-185.0,15299.3,2021-05-27 15:30:00,15182.5,False,False,True
NIFTY,2021-05-26 11:31:51.292567,-75.0,5.0,-80,127.5,-202.5,15288.55,2021-05-27 15:30:00,15182.5,False,False,True
NIFTY,2021-05-26 11:36:51.918612,-90.0,-10.0,-80,127.5,-217.5,15282.8,2021-05-27 15:30:00,15182.5,False,False,True
NIFTY,2021-05-26 11:41:52.548002,-80.0,0.0,-80,127.5,-207.5,15285.75,2021-05-27 15:30:00,15182.5,False,False,True
NIFTY,2021-05-26 11:46:53.176151,-75.0,5.0,-80,127.5,-202.5,15284.25,2021-05-27 15:30:00,15182.5,False,False,True
NIFTY,2021-05-26 11:51:53.808175,-87.5,-7.5,-80,127.5,-215.0,15274.05,2021-05-27 15:30:00,15182.5,False,False,True
NIFTY,2021-05-26 11:56:54.439848,-50.0,30.0,-80,127.5,-177.5,15281.75,2021-05-27 15:30:00,15182.5,False,False,True
NIFTY,2021-05-26 12:01:55.070745,-70.0,10.0,-80,127.5,-197.5,15286.55,2021-05-27 15:30:00,15182.5,False,False,True
NIFTY,2021-05-26 12:06:55.701515,-62.5,17.5,-80,127.5,-190.0,15295.45,2021-05-27 15:30:00,15182.5,False,False,True
NIFTY,2021-05-26 12:11:56.328153,-47.5,32.5,-80,127.5,-175.0,15292.8,2021-05-27 15:30:00,15182.5,False,False,True
NIFTY,2021-05-26 12:16:56.956545,-55.0,25.0,-80,127.5,-182.5,15296.75,2021-05-27 15:30:00,15182.5,False,False,True
NIFTY,2021-05-26 12:21:57.585085,-40.0,40.0,-80,127.5,-167.5,15291.0,2021-05-27 15:30:00,15182.5,False,False,True
NIFTY,2021-05-26 12:26:58.214674,-42.5,37.5,-80,127.5,-170.0,15297.1,2021-05-27 15:30:00,15182.5,False,False,True
NIFTY,2021-05-26 12:31:58.845396,-50.0,30.0,-80,127.5,-177.5,15305.0,2021-05-27 15:30:00,15182.5,False,False,True
NIFTY,2021-05-26 12:36:59.472424,-37.5,42.5,-80,127.5,-165.0,15311.25,2021-05-27 15:30:00,15182.5,False,False,True
NIFTY,2021-05-26 12:42:00.103091,-35.0,45.0,-80,127.5,-162.5,15300.75,2021-05-27 15:30:00,15182.5,False,False,True
NIFTY,2021-05-26 12:47:00.733288,-50.0,30.0,-80,127.5,-177.5,15292.4,2021-05-27 15:30:00,15182.5,False,False,True
NIFTY,2021-05-26 12:52:01.365074,-45.0,35.0,-80,127.5,-172.5,15294.1,2021-05-27 15:30:00,15182.5,False,False,True
NIFTY,2021-05-26 12:57:01.997457,-60.0,20.0,-80,127.5,-187.5,15297.6,2021-05-27 15:30:00,15182.5,False,False,True
NIFTY,2021-05-26 13:02:02.632184,-60.0,20.0,-80,127.5,-187.5,15287.55,2021-05-27 15:30:00,15182.5,False,False,True
NIFTY,2021-05-26 13:07:03.263295,-65.0,15.0,-80,127.5,-192.5,15291.1,2021-05-27 15:30:00,15182.5,False,False,True
NIFTY,2021-05-26 13:12:03.894459,-60.0,20.0,-80,127.5,-187.5,15289.3,2021-05-27 15:30:00,15182.5,False,False,True
NIFTY,2021-05-26 13:17:04.523607,-65.0,15.0,-80,127.5,-192.5,15292.5,2021-05-27 15:30:00,15182.5,False,False,True
NIFTY,2021-05-26 13:22:05.153298,-60.0,20.0,-80,127.5,-187.5,15293.05,2021-05-27 15:30:00,15182.5,False,False,True
NIFTY,2021-05-26 13:27:05.783965,-70.0,10.0,-80,127.5,-197.5,15303.25,2021-05-27 15:30:00,15182.5,False,False,True
NIFTY,2021-05-26 13:32:06.413638,-57.5,22.5,-80,127.5,-185.0,15308.9,2021-05-27 15:30:00,15182.5,False,False,True
NIFTY,2021-05-26 13:37:07.043535,-55.0,25.0,-80,127.5,-182.5,15308.85,2021-05-27 15:30:00,15182.5,False,False,True
NIFTY,2021-05-26 13:42:07.674428,-45.0,35.0,-80,127.5,-172.5,15310.15,2021-05-27 15:30:00,15182.5,False,False,True
NIFTY,2021-05-26 13:47:08.308296,-62.5,17.5,-80,127.5,-190.0,15296.65,2021-05-27 15:30:00,15182.5,False,False,True
NIFTY,2021-05-26 13:52:08.938485,-60.0,20.0,-80,127.5,-187.5,15305.85,2021-05-27 15:30:00,15182.5,False,False,True
NIFTY,2021-05-26 13:57:09.568782,-52.5,27.5,-80,127.5,-180.0,15297.85,2021-05-27 15:30:00,15182.5,False,False,True
NIFTY,2021-05-26 14:02:10.200235,-65.0,15.0,-80,127.5,-192.5,15294.4,2021-05-27 15:30:00,15182.5,False,False,True
NIFTY,2021-05-26 14:07:10.831964,-67.5,12.5,-80,127.5,-195.0,15303.05,2021-05-27 15:30:00,15182.5,False,False,True
NIFTY,2021-05-26 14:12:11.461450,-77.5,2.5,-80,127.5,-205.0,15300.95,2021-05-27 15:30:00,15182.5,False,False,True
NIFTY,2021-05-26 14:17:12.093691,-57.5,22.5,-80,127.5,-185.0,15303.65,2021-05-27 15:30:00,15182.5,False,False,True
NIFTY,2021-05-26 14:22:12.721881,-52.5,27.5,-80,127.5,-180.0,15305.0,2021-05-27 15:30:00,15182.5,False,False,True
NIFTY,2021-05-26 14:27:13.353590,-45.0,35.0,-80,127.5,-172.5,15308.35,2021-05-27 15:30:00,15182.5,False,False,True
NIFTY,2021-05-26 14:32:13.986448,-65.0,15.0,-80,127.5,-192.5,15304.4,2021-05-27 15:30:00,15182.5,False,False,True
NIFTY,2021-05-26 14:37:14.616599,-52.5,27.5,-80,127.5,-180.0,15314.2,2021-05-27 15:30:00,15182.5,False,False,True
NIFTY,2021-05-26 14:42:15.249776,-50.0,30.0,-80,127.5,-177.5,15318.05,2021-05-27 15:30:00,15182.5,False,False,True
NIFTY,2021-05-26 14:47:15.881785,-45.0,35.0,-80,127.5,-172.5,15309.95,2021-05-27 15:30:00,15182.5,False,False,True
NIFTY,2021-05-26 14:52:16.515589,-52.5,27.5,-80,127.5,-180.0,15313.15,2021-05-27 15:30:00,15182.5,False,False,True
NIFTY,2021-05-26 14:57:17.147939,-50.0,30.0,-80,127.5,-177.5,15311.1,2021-05-27 15:30:00,15182.5,False,False,True
NIFTY,2021-05-26 15:02:17.775547,-62.5,17.5,-80,127.5,-190.0,15289.1,2021-05-27 15:30:00,15182.5,False,False,True
NIFTY,2021-05-26 15:07:18.408413,-55.0,25.0,-80,127.5,-182.5,15289.5,2021-05-27 15:30:00,15182.5,False,False,True
NIFTY,2021-05-26 15:12:19.038112,-60.0,20.0,-80,127.5,-187.5,15301.65,2021-05-27 15:30:00,15182.5,False,False,True
NIFTY,2021-05-26 15:17:19.669897,-70.0,10.0,-80,127.5,-197.5,15304.5,2021-05-27 15:30:00,15182.5,False,False,True
NIFTY,2021-05-26 15:22:20.301620,-52.5,27.5,-80,127.5,-180.0,15304.9,2021-05-27 15:30:00,15182.5,False,False,True
NIFTY,2021-05-26 15:27:20.933288,-55.0,25.0,-80,127.5,-182.5,15306.7,2021-05-27 15:30:00,15182.5,False,False,True
NIFTY,2021-05-27 09:12:21.567189,-67.5,12.5,-80,127.5,-195.0,15323.95,2021-05-27 15:30:00,15182.5,False,True,True
NIFTY,2021-05-27 09:17:22.204128,-15.0,65.0,-80,127.5,-142.5,15314.1,2021-05-27 15:30:00,15182.5,False,True,True
NIFTY,2021-05-27 09:22:22.837135,-2.5,77.5,-80,127.5,-130.0,15297.25,2021-05-27 15:30:00,15182.5,False,True,True
NIFTY,2021-05-27 09:27:23.475521,-10.0,70.0,-80,127.5,-137.5,15285.25,2021-05-27 15:30:00,15182.5,False,True,True
NIFTY,2021-05-27 09:32:24.113955,-12.5,67.5,-80,127.5,-140.0,15294.95,2021-05-27 15:30:00,15182.5,False,True,True
NIFTY,2021-05-27 09:37:24.750097,-17.5,62.5,-80,127.5,-145.0,15289.65,2021-05-27 15:30:00,15182.5,False,True,True
NIFTY,2021-05-27 09:42:25.381735,-7.5,72.5,-80,127.5,-135.0,15285.55,2021-05-27 15:30:00,15182.5,False,True,True
NIFTY,2021-05-27 09:47:26.016703,-7.5,72.5,-80,127.5,-135.0,15296.5,2021-05-27 15:30:00,15182.5,False,True,True
NIFTY,2021-05-27 09:52:26.650443,-5.0,75.0,-80,127.5,-132.5,15301.25,2021-05-27 15:30:00,15182.5,False,True,True
NIFTY,2021-05-27 09:57:27.281682,-7.5,72.5,-80,127.5,-135.0,15310.1,2021-05-27 15:30:00,15182.5,False,True,True
NIFTY,2021-05-27 10:02:27.916852,5.0,85.0,-80,127.5,-122.5,15308.75,2021-05-27 15:30:00,15182.5,False,True,True
NIFTY,2021-05-27 10:07:28.553859,-10.0,70.0,-80,127.5,-137.5,15317.8,2021-05-27 15:30:00,15182.5,False,True,True
NIFTY,2021-05-27 10:12:29.186052,-12.5,67.5,-80,127.5,-140.0,15317.05,2021-05-27 15:30:00,15182.5,False,True,True
NIFTY,2021-05-27 10:17:29.819239,-15.0,65.0,-80,127.5,-142.5,15317.25,2021-05-27 15:30:00,15182.5,False,True,True
NIFTY,2021-05-27 10:22:30.450123,-12.5,67.5,-80,127.5,-140.0,15318.1,2021-05-27 15:30:00,15182.5,False,True,True
NIFTY,2021-05-27 10:27:31.086730,-15.0,65.0,-80,127.5,-142.5,15319.0,2021-05-27 15:30:00,15182.5,False,True,True
NIFTY,2021-05-27 10:32:31.722274,-10.0,70.0,-80,127.5,-137.5,15311.1,2021-05-27 15:30:00,15182.5,False,True,True
NIFTY,2021-05-27 10:37:32.358064,-5.0,75.0,-80,127.5,-132.5,15313.35,2021-05-27 15:30:00,15182.5,False,True,True
NIFTY,2021-05-27 10:42:32.993840,-5.0,75.0,-80,127.5,-132.5,15309.3,2021-05-27 15:30:00,15182.5,False,True,True
NIFTY,2021-05-27 10:47:33.624717,-17.5,62.5,-80,127.5,-145.0,15308.5,2021-05-27 15:30:00,15182.5,False,True,True
NIFTY,2021-05-27 10:52:34.262454,-20.0,60.0,-80,127.5,-147.5,15313.55,2021-05-27 15:30:00,15182.5,False,True,True
NIFTY,2021-05-27 10:57:34.900287,-17.5,62.5,-80,127.5,-145.0,15320.25,2021-05-27 15:30:00,15182.5,False,True,True
NIFTY,2021-05-27 11:02:35.532185,-20.0,60.0,-80,127.5,-147.5,15327.5,2021-05-27 15:30:00,15182.5,False,True,True
NIFTY,2021-05-27 11:07:36.165934,-22.5,57.5,-80,127.5,-150.0,15329.5,2021-05-27 15:30:00,15182.5,False,True,True
NIFTY,2021-05-27 11:12:36.803047,-17.5,62.5,-80,127.5,-145.0,15325.7,2021-05-27 15:30:00,15182.5,False,True,True
NIFTY,2021-05-27 11:17:37.439274,-12.5,67.5,-80,127.5,-140.0,15326.5,2021-05-27 15:30:00,15182.5,False,True,True
NIFTY,2021-05-27 11:22:38.076288,-17.5,62.5,-80,127.5,-145.0,15324.45,2021-05-27 15:30:00,15182.5,False,True,True
NIFTY,2021-05-27 11:27:38.712141,-20.0,60.0,-80,127.5,-147.5,15347.15,2021-05-27 15:30:00,15182.5,False,True,True
NIFTY,2021-05-27 11:32:39.345242,-10.0,70.0,-80,127.5,-137.5,15349.15,2021-05-27 15:30:00,15182.5,False,True,True
NIFTY,2021-05-27 11:37:39.980946,-12.5,67.5,-80,127.5,-140.0,15350.8,2021-05-27 15:30:00,15182.5,False,True,True
NIFTY,2021-05-27 11:42:40.619278,-5.0,75.0,-80,127.5,-132.5,15347.75,2021-05-27 15:30:00,15182.5,False,True,True
NIFTY,2021-05-27 11:47:41.256843,2.5,82.5,-80,127.5,-125.0,15353.2,2021-05-27 15:30:00,15182.5,False,True,True
NIFTY,2021-05-27 11:52:41.892442,-2.5,77.5,-80,127.5,-130.0,15357.35,2021-05-27 15:30:00,15182.5,False,True,True
NIFTY,2021-05-27 11:57:42.527645,-2.5,77.5,-80,127.5,-130.0,15353.65,2021-05-27 15:30:00,15182.5,False,True,True
NIFTY,2021-05-27 12:02:43.161551,-2.5,77.5,-80,127.5,-130.0,15353.75,2021-05-27 15:30:00,15182.5,False,True,True
NIFTY,2021-05-27 12:07:43.797767,0.0,80.0,-80,127.5,-127.5,15357.05,2021-05-27 15:30:00,15182.5,False,True,True
NIFTY,2021-05-27 12:12:44.433306,0.0,80.0,-80,127.5,-127.5,15358.4,2021-05-27 15:30:00,15182.5,False,True,True
NIFTY,2021-05-27 12:17:45.067996,-7.5,72.5,-80,127.5,-135.0,15342.35,2021-05-27 15:30:00,15182.5,False,True,True
NIFTY,2021-05-27 12:22:45.703218,0.0,80.0,-80,127.5,-127.5,15343.0,2021-05-27 15:30:00,15182.5,False,True,True
NIFTY,2021-05-27 12:27:46.340128,2.5,82.5,-80,127.5,-125.0,15338.4,2021-05-27 15:30:00,15182.5,False,True,True
NIFTY,2021-05-27 12:32:46.976800,12.5,92.5,-80,127.5,-115.0,15341.1,2021-05-27 15:30:00,15182.5,False,True,True
NIFTY,2021-05-27 12:37:47.614240,7.5,87.5,-80,127.5,-120.0,15341.55,2021-05-27 15:30:00,15182.5,False,True,True
NIFTY,2021-05-27 12:42:48.246283,2.5,82.5,-80,127.5,-125.0,15332.0,2021-05-27 15:30:00,15182.5,False,True,True
NIFTY,2021-05-27 12:47:48.886091,-2.5,77.5,-80,127.5,-130.0,15337.35,2021-05-27 15:30:00,15182.5,False,True,True
NIFTY,2021-05-27 12:52:49.521479,5.0,85.0,-80,127.5,-122.5,15338.15,2021-05-27 15:30:00,15182.5,False,True,True
NIFTY,2021-05-27 12:57:50.160405,7.5,87.5,-80,127.5,-120.0,15339.3,2021-05-27 15:30:00,15182.5,False,True,True
NIFTY,2021-05-27 13:02:50.794710,-2.5,77.5,-80,127.5,-130.0,15349.65,2021-05-27 15:30:00,15182.5,False,True,True
NIFTY,2021-05-27 13:07:51.431376,2.5,82.5,-80,127.5,-125.0,15348.75,2021-05-27 15:30:00,15182.5,False,True,True
NIFTY,2021-05-27 13:12:52.066022,0.0,80.0,-80,127.5,-127.5,15350.5,2021-05-27 15:30:00,15182.5,False,True,True
NIFTY,2021-05-27 13:17:52.703051,2.5,82.5,-80,127.5,-125.0,15339.6,2021-05-27 15:30:00,15182.5,False,True,True
NIFTY,2021-05-27 13:22:53.337450,5.0,85.0,-80,127.5,-122.5,15341.15,2021-05-27 15:30:00,15182.5,False,True,True
NIFTY,2021-05-27 13:27:53.973939,10.0,90.0,-80,127.5,-117.5,15349.8,2021-05-27 15:30:00,15182.5,False,True,True
NIFTY,2021-05-27 13:32:54.616391,7.5,87.5,-80,127.5,-120.0,15349.55,2021-05-27 15:30:00,15182.5,False,True,True
NIFTY,2021-05-27 13:37:55.252752,12.5,92.5,-80,127.5,-115.0,15347.9,2021-05-27 15:30:00,15182.5,False,True,True
NIFTY,2021-05-27 13:42:55.888616,12.5,92.5,-80,127.5,-115.0,15348.45,2021-05-27 15:30:00,15182.5,False,True,True
NIFTY,2021-05-27 13:47:56.528329,12.5,92.5,-80,127.5,-115.0,15346.1,2021-05-27 15:30:00,15182.5,False,True,True
NIFTY,2021-05-27 13:52:57.166925,5.0,85.0,-80,127.5,-122.5,15345.85,2021-05-27 15:30:00,15182.5,False,True,True
NIFTY,2021-05-27 13:57:57.802555,12.5,92.5,-80,127.5,-115.0,15348.05,2021-05-27 15:30:00,15182.5,False,True,True
NIFTY,2021-05-27 14:02:58.439591,12.5,92.5,-80,127.5,-115.0,15347.8,2021-05-27 15:30:00,15182.5,False,True,True
NIFTY,2021-05-27 14:07:59.078805,5.0,85.0,-80,127.5,-122.5,15339.9,2021-05-27 15:30:00,15182.5,False,True,True
NIFTY,2021-05-27 14:12:59.717222,27.5,107.5,-80,127.5,-100.0,15313.9,2021-05-27 15:30:00,15182.5,False,True,True
NIFTY,2021-05-27 14:18:00.356567,20.0,100.0,-80,127.5,-107.5,15302.35,2021-05-27 15:30:00,15182.5,False,True,True
NIFTY,2021-05-27 14:23:00.991171,17.5,97.5,-80,127.5,-110.0,15309.45,2021-05-27 15:30:00,15182.5,False,True,True
NIFTY,2021-05-27 14:28:01.628375,12.5,92.5,-80,127.5,-115.0,15303.6,2021-05-27 15:30:00,15182.5,False,True,True
NIFTY,2021-05-27 14:33:02.266748,17.5,97.5,-80,127.5,-110.0,15284.15,2021-05-27 15:30:00,15182.5,False,True,True
NIFTY,2021-05-27 14:38:02.905533,17.5,97.5,-80,127.5,-110.0,15289.45,2021-05-27 15:30:00,15182.5,False,True,True
NIFTY,2021-05-27 14:43:03.545975,30.0,110.0,-80,127.5,-97.5,15294.2,2021-05-27 15:30:00,15182.5,False,True,True
NIFTY,2021-05-27 14:48:04.182175,22.5,102.5,-80,127.5,-105.0,15310.85,2021-05-27 15:30:00,15182.5,False,True,True
NIFTY,2021-05-27 14:53:04.821587,17.5,97.5,-80,127.5,-110.0,15305.65,2021-05-27 15:30:00,15182.5,False,True,True
NIFTY,2021-05-27 14:58:05.463205,25.0,105.0,-80,127.5,-102.5,15300.5,2021-05-27 15:30:00,15182.5,False,True,True
NIFTY,2021-05-27 15:03:06.103871,15.0,95.0,-80,127.5,-112.5,15332.15,2021-05-27 15:30:00,15182.5,False,True,True
NIFTY,2021-05-27 15:08:06.743998,17.5,97.5,-80,127.5,-110.0,15332.85,2021-05-27 15:30:00,15182.5,False,True,True
NIFTY,2021-05-27 15:13:07.383192,22.5,102.5,-80,127.5,-105.0,15330.15,2021-05-27 15:30:00,15182.5,False,True,True
NIFTY,2021-05-27 15:18:10.204232,-70.0,90.0,-160,127.5,-197.5,15338.8,2021-05-27 15:30:00,,True,True,True
NIFTY,2021-05-27 15:23:10.489232,-70.0,90.0,-160,127.5,-197.5,15347.1,2021-05-27 15:30:00,,True,True,True
